{"accuracy": 0.8850006182762459, "precision_CG": 0.8788321167883212}